{
    "extraction_mode": "time_interval",
    "time_interval_seconds": 5.0,
    "scene_change_threshold": 30.0,
    "min_scene_duration_seconds": 1.0,
    "output_directory": "C:\\Users\\kelly\\GitHub\\idt\\scripts\\workflow_output\\extracted_frames",
    "preserve_directory_structure": false,
    "image_quality": 95,
    "resize_width": null,
    "resize_height": null,
    "frame_prefix": "frame",
    "start_time_seconds": 0,
    "end_time_seconds": null,
    "max_frames_per_video": null,
    "skip_existing": false,
    "log_progress": true
}